Domain,NT,TM1,IL1,TM2,EL1,TM3,IL2,TM4,EL2a,EL2b,TM5,IL3,TM6,EL3,TM7,CT
Length template,13,30,5,26,8,31,6,27,13,11,30,12,31,5,30,12
Length model,13,30,5,26,8,31,6,27,13,11,30,12,31,5,30,12
Deletions,0,3,1,1,1,0,0,5,1,5,7,0,17,0,4,0
Insertions,0,1,3,0,2,0,0,5,1,0,7,0,1,0,2,11
Equivalent Residues,8,8,0,11,1,8,5,5,4,1,1,1,4,0,6,0
Percent Identity,61.53846153846154,26.666666666666668,0.0,42.30769230769231,12.5,25.806451612903224,83.33333333333334,18.51851851851852,30.76923076923077,9.090909090909092,3.3333333333333335,8.333333333333332,12.903225806451612,0.0,20.0,0.0
